6 PACK CERVEZA REGIA 355 ML;1;4.7;4.7
ADAN & EVA MANDARINA 350ML;25;1.45;36.25
BEB ALCHOL FOUR LOKO SANDIA 473ML;30;2.99;89.7
BEB ALCOHOLIC FOUR LOKO BLACK 473ML;30;2.99;89.7
BRANDY TORRES 20 750ML;4;57.39;229.56
CERVEZA PILSENER LATA 473ML 6PACK;3;7.2;21.6
FOUR LOKO GOLD 12% 473 ML;5;2.99;14.95
LICOR JAGERMEISTER COOLPACK 350 ML;4;19.97;79.88
LICOR TROIKA SUAVE 1500ML;2;8;16
RON FLOR DE CLASICO 1000 ML;2;11.75;23.5
SMIRNOFF ICE RED LATA 350 ML;25;1.47;36.75
TEQUILA REPOSADO DON JULIO 750ML;3;62.97;188.91
VODKA FINLANDIA 1750ML;7;36.99;258.93
WHISKEY JACK DANIEL S 375ML;2;19.49;38.98
12 PACK REGIA LATA 473 ML;3;12.75;38.25
BEBIDA CASCADA NARANJA 2.5 LITROS CJ 6UN;3;8.38;25.14
BEBIDA SALUD CITRUS PUNCH 3.785L;5;1.9;9.5
CAFE CLASICO PREMIUM JUAN VALDEZ 50GR;3;4.75;14.25
GASEOSA 7UP LATA 355ML;250;0.5;125
GASEOSA COCA COLA REGULAR 3 L;10;2.16;21.6
12 PACK AGUA LAS PERLITAS PET 680 ML;30;2.99;89.7
2 OZ. JALAPENO PIECES SNYDERS;10;0.7;7
2 PACK PAPA ZIBA CLASICA CREMA 160 G;10;1.99;19.9
3 PACK POP CORN ACTT II 225 G;3;1.56;4.68
5 PACK PAPAS PRINGLES CREMA Y CEB. 19 G;20;2;40
5 PACK PAPAS PRINGLES ORIGINAL 19 G;20;2;40
BOQUITAS FIESTA SNAX SABRITA 24/105 G;30;1.38;41.4
BOQUITAS TAKIS FUEGO BARCEL 56GR;5;0.51;2.55
CHEETOS CRUNCHY FRYTO LAYS 120 GRS;4;0.7;2.8
CHILI CON CARNE CLASICO 400 G;10;2.97;29.7
DORITO SALSA VERDE SABRITA 14/150 GRS;10;1.1;11
DORITOS EXTRA QUESO 150 GRS;10;1.1;11
LAY S POTATO CHIPS SOOR CREAM ONION FR;50;3.27;163.5
NACHOS DORITOS 150 GRS SABRITAS;20;1.1;22
PAPAS CON SAL SABRITAS 200 G;10;3.13;31.3
LIMON PERSICO RED 10UN;125;1.75;218.75
TE LIMON FUZE PET 500 ML CJ 12 UN;12;7.8;93.6
BOLSA DE HIELO IGLU EN CUBOS 5KG;10;1.01;10.1
